segment	comparison	n_models	mean_diff	median_diff	wilcoxon_stat	p_value
Der(17)t(3;17)	WT_vs_T1	10	-0.007643044234242158	-0.3048996558216026	27.0	1.0
Der(17)t(3;17)	WT_vs_C1	10	0.21945045547594327	0.29671942370439797	13.0	0.16015625
Der(17)t(3;17)	T1_vs_C1	10	0.22709349971018544	0.3270256650946268	22.0	0.625
Der(3)t(3;17)	WT_vs_T1	10	-0.17440752928997033	0.10078303452833381	26.0	0.921875
Der(3)t(3;17)	WT_vs_C1	10	-0.16197084891869123	-0.06817939266732331	20.0	0.4921875
Der(3)t(3;17)	T1_vs_C1	10	0.012436680371279074	0.19536100961969005	25.0	0.845703125
chr17	WT_vs_T1	10	-0.9281107081903409	-0.7759091878495606	10.0	0.083984375
chr17	WT_vs_C1	10	-0.41933556726300986	-0.7320343307959268	18.0	0.375
chr17	T1_vs_C1	10	0.508775140927331	-0.05576082202504273	20.0	0.4921875
chr17 frag in Der(3)	WT_vs_T1	10	-1.821621800537327	-1.9446986409011766	5.0	0.01953125
chr17 frag in Der(3)	WT_vs_C1	10	-1.4162147521905843	-2.1125842850004215	9.0	0.064453125
chr17 frag in Der(3)	T1_vs_C1	10	0.4054070483467428	0.8642698109211955	23.0	0.6953125
chr3	WT_vs_T1	10	0.09586473620889473	0.6307195768567562	18.0	0.375
chr3	WT_vs_C1	10	0.06361234433539291	0.09765858426921348	22.0	0.625
chr3	T1_vs_C1	10	-0.03225239187350182	0.172804352823126	25.0	0.845703125
chr3 frag in Der(17)	WT_vs_T1	10	0.3127403107322776	0.5794708306736323	12.0	0.130859375
chr3 frag in Der(17)	WT_vs_C1	10	0.28605613073977076	0.6133858798911924	18.0	0.375
chr3 frag in Der(17)	T1_vs_C1	10	-0.02668417999250683	-0.04182413295876364	26.0	0.921875
t(2;10)	WT_vs_T1	10	-0.4621128778509007	-0.4672890675853356	12.0	0.130859375
t(2;10)	WT_vs_C1	10	0.08543369175176449	-0.09269826367888379	25.0	0.845703125
t(2;10)	T1_vs_C1	10	0.5475465696026651	0.516660493318936	15.0	0.232421875
t(6;19)	WT_vs_T1	10	-0.3241428716053204	-0.28330361571524176	14.0	0.193359375
t(6;19)	WT_vs_C1	10	-0.08412034284502287	-0.07399370564551311	24.0	0.76953125
t(6;19)	T1_vs_C1	10	0.2400225287602975	0.30779878098948754	15.0	0.232421875
